{
  "movies": [
    {
      "id": "1pcfgdsdasdasjas",
      "title": "Jungle Cuise",
      "rating": 9,
      "imageUrl": "/img/jungle-cruise.jpeg",
      "genre": "Adventure",
      "description": "Dreaming about saving countless lives and having another adventure, the feisty Englishfeminist and doctor of botany, Dr Lily Houghton, embarks on a peril-laden mission to change theworld. Along with her fashionable brother, MacGregor, Dr Houghton enlists the help of the arrogant,wisecracking riverboat skipper, Captain Frank Wolff, to guide them through the serpentine AmazonRiver in La Quila, his swift wooden boat. Now, as the intrepid trio ventures deeper and deeper intothe heart of an impenetrable green maze, searching for something that cannot be found, acenturies-old curse and the ruthless aristocrat, Prince Joachim, threaten to put an end to theirambitious plans."
    },
    {
      "id": "1pcfgdb8m19l9jas",
      "title": "The Little Mermaid",
      "rating": 2,
      "imageUrl": "/img/the-little-mermaid.jpg",
      "genre": "Fantasy",
      "description": "The youngest of King Triton's daughters, Ariel is a beautiful and spirited young mermaidwith a thirst for adventure. Longing to find out more about the world beyond the sea, Ariel visitsthe surface and falls for the dashing Prince Eric. Following her heart, she makes a deal with theevil sea witch, Ursula, to experience life on land."
    },
    {
      "id": "1pc453b8m19l9jas",
      "title": "Home Alone",
      "imageUrl": "/img/home-alone.jpeg",
      "rating": 9,
      "genre": "Comedy",
      "description": "It is Christmas time and the McCallister family is preparing for a vacation in Paris,France. But the youngest in the family, Kevin (Macaulay Culkin), got into a scuffle with his olderbrother Buzz (Devin Ratray) and was sent to his room, which is on the third floor of his house.Then, the next morning, while the rest of the family was in a rush to make it to the airport ontime, they completely forgot about Kevin, who now has the house all to himself. Being home alone wasfun for Kevin, having a pizza all to himself, jumping on his parents\" bed, and making a mess.Then, Kevin discovers about two burglars, Harry(Joe Pesci) and Marv(Daniel Stern), about to rob hishouse on Christmas Eve.Kevin acts quickly by wiring his own house with makeshift booby traps tostop the burglars and to bring them to justice."
    },
    {
      "title": "Man of Steel",
      "genre": "Superhero",
      "director": "Zack Snyder",
      "year": "2013",
      "imageUrl": "https://upload.wikimedia.org/wikipedia/en/5/50/Man_of_Steel_%28film%29_poster.jpg",
      "rating": 10,
      "description": "An alien child is evacuated from his dying world and sent to Earth to live among humans. His peace is threatened when other survivors of his home planet invade Earth.",
      "id": "3pc453b8m19l9jqq"
    },
    {
      "title": "The Matrix",
      "genre": "Sci-Fi",
      "director": "Wachowski Brothers",
      "year": "1999",
      "imageUrl": "https://m.media-amazon.com/images/I/71PfZFFz9yL._AC_UF894,1000_QL80_.jpg",
      "rating": 10,
      "description": "When a beautiful stranger leads computer hacker Neo to a forbidding underworld, he discovers the shocking truth--the life he knows is the elaborate deception of an evil cyber-intelligence.",
      "id": "3pc45ey4m19mhgdg"
    }
  ]
}
